Source Name,Tumor State,Age[Month],1-Methylnicotinamide,2-Hydroxybutyrate,2-Hydroxyisobutyrate,2-Oxoisocaproate,2-Phenylpropionate,3-Hydroxyisovalerate,3-Indoxylsulfate,3-Methyl-2-oxovalerate,4-Hydroxyphenylacetate,Acetate,Acetone,Alanine,Allantoin,Betaine,Carnitine,Choline,Citrate,Creatine,Dimethylamine,Formate,Fumarate,Glucose,Glycerol,Glycine,Guanidoacetate,Hippurate,Histidine,Isoleucine,Isopropanol,Kynurenate,Lactate,Mannose,Methanol,Methylamine,Methylguanidine,"N,N-Dimethylglycine",N-Phenylacetylglycine,O-Phosphocholine,Propylene glycol,Pyruvate,Succinate,Taurine,Threonine,Trigonelline,Trimethylamine,Tryptophan,Tyramine,Urea,Valine,Xylose,cis-Aconitate,myo-Inositol,sn-Glycero-3-phosphocholine,trans-Aconitate,pi-Methylhistidine,Creatinine,Creatinine2
16K-008,1,144,89.8,99.4,39.4,16.1,10.7,9.5,342,18.2,66.3,74.8,72.5,128.8,3072.9,43.5,111.1,19.9,3007.5,1526.6,142.8,57.1,36.4,151.6,83.9,33.7,114.8,286.1,57.9,2.3,80.6,292,1298.9,2.9,12.5,7.8,37.2,16.3,552.8,2.9,9.2,149.4,211.2,554,135.9,16.3,19.2,29.6,139.2,18696.8,6.5,42.3,192.7,50.6,20,21.5,358.2,3327.9,3327.9
16K-021,1,192,54.2,52.2,23,6.1,5,6,22.7,9.8,11.5,26.4,11.3,55.3,1583,26.2,64.3,24.9,3292.2,1090.3,109.2,8.6,3.7,96.2,61.2,22.8,59.4,96.4,11.9,2.4,1075,203.9,541.9,1.6,12.9,5.2,10.6,11.6,79,2,9.4,44.6,193.6,292.1,62,11,19.2,11.1,48.3,7007.5,3.9,9.6,111.3,33.7,10.9,9.5,139.8,1172.2,1172.2
16K-030,1,156,964.8,136.1,41,10.7,12.9,26,116.8,16.2,36.6,185.7,22.6,123.9,1741.5,77.6,72.7,20,974,732.7,67.8,53.2,NA,407.3,74.3,48.8,114.1,355.6,24.2,5.3,13.8,310.8,1661,25.6,23.4,13.8,20.3,21.5,178.2,5.1,21.1,47,46.9,2526.1,44,5.1,19.2,35.3,63.2,10643.8,9,50.4,126.8,19.9,19.5,14,273.9,2181.9,2181.9
16K-031,0,120,66.2,17.5,4.1,NA,2.6,2.5,5.1,2,5.6,11.6,31.4,11.6,42.8,2.3,32.3,6.5,NA,108.6,8.3,18.7,NA,70.4,39.3,8.1,5.1,74.6,1.7,0.9,594.3,12.4,264.6,1.8,25.5,0.8,1.3,1.3,NA,0.6,87.7,10.9,0.8,116.5,3.8,NA,19.2,3.2,6.9,671,1.6,NA,5.8,NA,3.3,NA,17.5,244.7,244.7
16K-033,0,132,108.9,213.9,44.2,8.4,19,25.6,177.2,27.5,9.3,266.8,31,141.1,1742.1,43.4,76.9,44.8,626.6,1290.6,87.5,95.8,3.6,331.4,90.2,49.2,115.1,18.8,13.6,4.9,2299.8,120.4,3134.2,38.1,19.3,8.4,15.7,39.3,110.2,4.7,22,13.9,63.8,121,63.1,10,19.2,24,28.2,13581,9.2,24.4,79.4,46.1,13.3,12,208.3,1870.3,1870.3
16K-070,0,132,4.8,12.7,5.4,NA,36.8,4.3,25.7,NA,7.4,10.2,10.5,9.2,176.2,4.2,21,3.6,187.7,7.4,14.4,25.7,NA,51.8,23.8,6.8,2,3.8,1.5,NA,10.2,29.7,5169.9,3.1,18.9,1.3,2,2.5,6.2,1.3,11.8,7,2.5,298.7,NA,3.6,19.2,NA,11.8,937.6,1.3,11.8,15.8,7.4,2.2,8.9,47,266.8,266.8
16K-072,1,144,81.1,55.4,35.2,3.1,10.2,8.5,245.7,11.2,13.4,38.8,9,144.4,2452.2,65,184.6,20.6,67.2,2126,349.3,58.5,2.7,170,34.1,26.5,151.1,32,70.2,4,19.7,540.4,374.6,1.7,21.3,12.3,29.9,9.2,40.6,7.2,7.8,36.8,9,789.1,48.6,9.9,19.2,13.7,36.7,20015.8,9.2,21.6,97.5,38.9,15.2,18.5,392.2,2239.6,2239.6
16K-074,0,156,89.6,539.1,82,34.2,38.6,17.4,560.6,69.4,56.7,132.7,55.4,190.2,4150,86.3,324.7,49.6,133.1,106.6,180,195.2,0.8,442.9,666.5,55.7,383.1,555,342.5,14.7,16.9,564.2,2428.2,45.3,23.8,15.7,NA,13.8,562.3,6.1,54.4,88.3,18.2,556.2,93.8,2.3,19.2,27,202.6,18983.2,23.2,88.3,107.2,45.3,87.7,35.2,2270.7,4153.2,4153.2
16K-077,1,168,114.3,113.5,46.5,9.2,23.4,3.5,108.1,NA,65.4,117.4,118.6,156.3,1851.9,27,271.1,8.9,NA,121.5,244.4,25.3,6.3,180,37.9,26.3,17.7,50.5,5.3,3.2,80.6,90.5,2937,29.9,18.6,10.8,20.9,4.1,292.2,12.1,66.9,108.8,4.4,1370,100.4,10,19.2,5.5,142.4,5885.8,6.3,21.1,79.9,19.1,36.9,11,362.2,2412.9,2412.9
16K-092,0,156,634.6,90,50.9,11.7,17,11.9,51.1,13.2,84.5,202.9,31.1,78.3,2277.1,52.2,728,15.3,225.9,1714.9,144.7,43.8,1.1,343.7,626.9,29.1,46.1,389.5,42.2,3.7,134.5,217.4,1748.5,30.3,28.9,18.5,22.7,NA,328.6,3.4,13.8,39.2,81.6,559.6,46.2,4.9,19.2,80.1,142.4,7128.4,7.2,39.8,81.9,45.3,47.9,12.6,288.5,2097.4,2097.4
16K-096,1,144,196.4,232.2,51.6,18.9,17.5,25,477.1,33.2,159,245.5,99.6,161.9,4125.3,232,3891,122.2,927.1,929,162.5,84.2,10.8,693.8,558.4,67.1,154.8,261.9,55.1,6.1,398.6,267.5,1824.6,50.7,20.6,23.4,24.9,66.7,746.6,18.6,27.1,40,158.8,3842.6,281.7,5.3,19.2,60.8,47,36249.9,23.2,46.1,203.7,77.6,32.9,21.9,744.3,3922.6,3922.6
16K-097,1,180,664.6,144,36.9,7.5,11.2,13.7,NA,15.2,77.9,29.2,107.5,50.1,1477.7,NA,329.2,42,568.9,1265.5,65.9,37.8,8,225.5,460.5,31.3,36.5,12.8,5,3.8,11.6,130.2,369.7,83.4,25.8,10.5,6.6,34.1,40.7,3.2,23.6,21.4,35.4,1565.4,78.1,0.2,19.2,14.5,67.7,7842.1,9.4,31.9,89.5,36.4,3.6,9.7,330.7,1409.1,1409.1
16K-099,1,144,271.1,633.2,76.9,18.8,7.1,90.5,9.7,36.1,97.6,100.1,363.2,48.7,1967.9,62.8,64.1,28.1,579.7,3060.2,81.2,78,8.5,268.5,366.6,45.4,70.7,44,66.1,9.8,48.5,289.8,690.8,47.4,28.2,8.3,NA,45,91.5,3.5,286.5,20.7,57.6,2289.4,283.7,NA,19.2,5.1,83.9,11422.9,18.3,35.6,156.4,57.6,20.8,13,185.9,2249.8,2249.8
16K-100,1,168,88.1,144.8,19.2,6.9,21.6,9.3,NA,16.5,26.9,49.4,34,61.2,1920.2,47.7,249.1,15.4,NA,690.2,84.1,46.3,NA,882.4,66.5,73.1,NA,45,7.7,5.4,21.4,48.8,494.7,41.4,45.1,12.7,19.9,37.5,217.5,9,24.3,30.1,35.3,194.7,49.3,NA,19.2,29.8,127.7,5224.3,7,37.8,38.8,36,36,8.7,257.2,1373.8,1373.8
16K-103,0,108,155.4,109.7,48,5.2,43.7,28.3,NA,8.5,148.3,138.5,15.2,194.3,2133.4,64.5,429.1,45,231.6,1626.5,61.9,187.9,2.6,316.9,370.8,98.3,90.5,44.7,2.5,4.8,13,98.9,2834,NA,26.5,9.1,19.6,37.5,81.5,10.9,15.2,63.7,7.9,10499.5,11.6,4.4,19.2,17.8,134.6,14693.1,12.6,83.7,73.8,121.5,11,91.1,745,1879,1879
16K-105,1,144,153.1,113.1,50,5.9,45.8,29.8,NA,9.1,154.6,142.5,14.5,202.1,2235.7,79,443.2,49.1,247.1,1714.8,65.3,200.8,2.6,331.1,307.5,106.6,83.4,45,3.9,5.1,9.5,105.5,2976.8,NA,26.4,8.9,19.3,40.7,84.1,6.7,16.1,61.2,9.1,10936.5,15.3,4.8,19.2,24,101.2,16216.1,13.4,93.2,63.9,59.6,8.1,94.4,860.3,2071.4,2071.4
16K-106,0,156,34.6,109.4,30.1,11,25.5,8.8,204.9,17.4,59.6,208.6,51.3,190,1909,93.4,400.4,31.7,590.1,1519.6,115.4,134.6,2.5,238.3,116,26.1,109.4,63.5,3,3.2,59.7,76.3,2343.3,13.1,23.9,10.6,12.9,12.2,157.3,2.8,15.1,90,35.6,673.3,77.2,8.6,19.2,24.1,49.2,7663,5.8,30.8,89.5,37.8,10.7,63.8,383.4,1800,1800
16K-107,1,72,18.9,NA,4.4,NA,3.3,0.6,17.5,4.6,NA,11.6,10.4,9.2,358.7,7.3,NA,0.2,NA,3,19.1,6.4,1.7,12.7,9,4.4,20.8,5,3.2,NA,405.4,21.9,37.1,1.1,15.2,NA,5.6,0.7,17.5,0.8,5.4,3.7,12.5,1326.5,5.9,NA,19.2,NA,4.5,2206.4,1.1,NA,23.9,12.1,5.2,19.4,48.4,745.2,745.2
16K-108,1,108,638.1,184.7,85.8,8.3,10.1,23.3,138.9,28.5,24.7,156.6,27.6,150.2,5398.5,121.6,401.4,21.8,90.3,59.3,124.4,24.7,7.6,264.4,224,71.7,294.9,68.6,197.2,6.2,68.4,746.5,1934.3,24.4,25,19.6,69.5,16.7,151.1,1.2,6.8,64.6,27.7,9032.3,52.7,6.1,19.2,14.5,70.8,38188.5,22.5,46.2,206.8,37.2,61.3,51.3,662.5,6306.6,6306.6
16K-112,1,168,185,86.1,54.4,15,17.3,8.3,103.8,15.8,6.7,87.9,68.4,98.8,3093.7,90.7,198,21.1,1088.2,2522.7,199.4,16.8,6.3,449.7,88.5,37.2,133.4,683.5,77.3,9.7,61,452.6,490.5,11.5,33.1,20.4,34.7,14,136.4,59.6,515.5,31.2,230.9,4125.6,92,8.1,19.2,41.6,24.3,10586.4,18.1,39.4,119,48.4,62.5,24.5,209.3,2854.8,2854.8
16K-114,0,60,22.3,25.1,7.8,1.7,NA,2.8,17.6,3.7,21,17.4,101.6,21.5,200.1,15.1,13.5,7.7,69.6,41,23.2,15.9,NA,705,50.4,27.4,5.2,17.5,2.6,1.7,104.5,26.1,161.1,12.3,15.7,1.4,2.6,3.9,38.2,0.6,205,4.5,3.6,296.8,24.3,NA,19.2,NA,19,2773.8,4.6,NA,15,35.7,2.6,2.6,53,462.2,462.2
16K-116,1,156,130,83.7,13.4,5.5,7.6,8.4,32.2,6.3,16.8,35.1,36.1,46.6,1128.7,340.3,115.9,26.3,206.5,16.9,68.1,24.6,1.5,106.1,27,51.2,NA,13,19.6,2.2,90.8,431.7,477.4,5.1,22.9,5.8,16.2,NA,78.9,4.3,5.9,40.9,7.6,NA,20.8,NA,19.2,5.7,36,4841.3,4.7,8.9,58.5,22.9,9.2,6.3,90.1,612.1,612.1
16K-121,1,144,368.1,362.1,67.3,12.4,18.1,38,155.3,17.1,18.6,105.8,35.5,189.5,4419.6,113.2,283.8,61.2,58.6,3800.1,138.8,35.8,0.7,360.8,180.5,76.6,388.5,181.6,193.7,10.1,16.6,823.3,1855.1,24.6,41.6,25.4,33.5,3.6,273.4,21.8,18,132.5,9.1,4446.8,15.3,NA,19.2,37.5,138.9,41412.6,20.4,52.2,66.4,41.2,29.6,20.1,3484.5,4670.1,4670.1
16K-129,1,168,44.4,65.1,37.6,10,9.3,4.5,189.1,8.9,57.3,59,28.2,136.3,2634.7,66.3,14,10.6,14.8,44.7,137.1,14.9,6.7,192,54.6,36.7,135.6,42.3,7.3,5.1,14.7,328.8,1000.4,20.1,42.5,18.7,27.4,6.7,383.9,6.9,12.7,67,5.7,4061,68.6,8.4,19.2,15.9,52.6,12758.9,12.7,32.5,6.9,29.4,17.4,19.3,263.1,3016.8,3016.8
16K-136,0,144,72.5,58.5,19.1,6.6,7.9,30.4,76.8,8.7,32.9,77.1,13.3,28.8,1028.9,27.6,22.3,5.5,2985.6,36.9,66.2,12.6,19.2,739,23.1,24.8,24.8,230.6,6.6,1.1,10.1,97.6,328.4,7,20.4,3,14.7,1.2,299.6,4.7,103.5,4.9,654,79,5.4,13.4,19.2,19.7,45.5,6526.8,2.8,7.6,63.1,43.2,11.9,12,127.7,1267.7,1267.7
16K-142,1,156,17.1,40.8,6.7,5.2,8,2.6,14.7,5.6,3.6,37.3,12.1,30.8,457.7,7.4,15.8,10.3,1191.6,5.4,28.6,19.5,1.4,55.1,15.3,7.6,9.9,14.6,6.8,0.9,6.9,92.6,774.5,2.4,16,33.3,7.9,7.5,17.2,5.1,3.9,64,78.1,17.4,21.3,6.7,19.2,7,17.3,3033.2,1.6,7.7,54.4,16.7,5.3,7.8,273,928,928
16K-149,1,156,161.8,59.2,14.5,5.2,2.9,12.5,19.4,6.4,9.7,32.3,23.5,31.1,700.2,39.1,49.8,9.8,53.2,4.6,53.8,18,NA,50.4,NA,NA,NA,6.1,2.1,1.2,13.8,23.6,291.4,1.1,22.5,7.4,6.4,1.9,33.1,25.4,18.7,6.6,295.9,583.1,24.6,NA,19.2,NA,16.4,6626.8,1.3,5.4,31.4,NA,14.5,4,93.1,902.8,902.8
16K-153,1,168,68.8,21.8,25.2,3.4,6.4,33.6,106.3,7.6,10.6,37,98.5,51.4,2015.3,35,51.6,19.1,55.3,262.2,107.1,10.5,0.8,99.1,99.9,49.3,60.3,55.2,16.4,2,63.5,197.5,408.3,25.3,22.3,8.8,26.4,6.8,193.7,5.2,3.2,22.6,17.6,1315.5,23.3,6.9,19.2,8.9,84.3,8646.9,5.3,91.8,17,66.1,20.2,18.6,97.4,1759.5,1759.5
16K-158,0,84,73.3,70.5,31.2,14,16.3,13.2,96.7,22.2,43.3,240.5,13.4,72.5,1942.1,49.4,64.2,3.4,167.6,780.1,63.3,104.3,3.4,95.5,54.5,26.7,259.7,41.3,7.5,3.6,118.9,207.4,1791.3,9.5,32,3.1,30.8,15.8,219,4.2,11119.5,18.1,14.5,1018.2,32.6,371,19.2,15.3,46.4,19359.3,8.3,8.5,63.2,23.7,9.1,26.4,449.3,3026.3,3026.3
16K-162,0,96,204.8,56.1,50,6.8,3.3,10.2,108.8,16.8,19.5,58.5,100.2,187.8,3832.7,76.4,63.1,22.3,146.6,573.4,156.7,21.9,0.5,7501.2,54.9,67.7,307.7,49.7,44.3,5.7,64.5,415.1,489.6,41.2,19.8,14.9,22.3,4.2,203.9,8.3,9.7,43.5,13.8,4069.8,106.5,66.2,19.2,14,91.7,14180.4,10.8,47.3,87,103.8,17.4,33.2,518.2,5220.2,5220.2
16K-183,1,NA,155,228.8,77.5,4.3,33.4,16.5,22.9,27.2,44.8,289.1,18.4,212.4,2815.9,41.6,108.2,16.6,92.5,2321.2,172.7,41.2,NA,445.6,53.5,71.6,309.3,133.8,3.7,10.9,24,191,5284.5,20.2,25.7,22.2,79.2,28.9,316.5,34.8,14.3,142.3,24.8,2066.1,NA,NA,19.2,NA,129.6,11652.1,21.8,40.6,45.3,NA,33.9,18.2,508.7,1868.6,1868.6
16K-188,1,180,356.7,10.3,14.4,1.4,NA,9.3,50.2,2.9,5.4,18.1,48.7,17,518,24.8,7.9,4.2,31.9,25.9,42.2,13.4,NA,68.4,54.1,9.5,23.1,214.8,15.4,1.4,22.7,118.5,39.6,2.4,17.1,9.7,9.4,4.6,73.4,46.1,6.3,7.2,7,1870.9,12.3,NA,19.2,11.3,13.4,5383.7,3.4,8.2,52.8,15.6,9.9,4.8,88.7,625.5,625.5
16K-190,1,144,171.1,127.9,39.1,4.4,24.1,9.3,1.6,12.3,20.7,239.1,207.1,146.8,2005.1,132.1,101.3,24.3,3572.6,905.2,126.3,41.9,39.2,372.4,56.1,47.8,85.2,485.5,0.3,6.4,103.9,47.2,3377.9,9.2,42.7,9.5,10.7,81.5,90.4,4.6,142.8,45.5,450.3,1169.9,84.2,15.1,19.2,18.3,44.9,12963.1,12.3,19.8,124,55.9,10.5,19.7,572.2,1042.8,1042.8
16K-197,1,156,41,4,11.5,NA,10.8,1.4,5.7,4.1,NA,13.8,5.5,314.8,514.7,46.3,5155.2,3.9,323.9,495,33.6,4.9,0.6,2742.6,142.3,142.1,15.7,3.9,NA,28,203,NA,678.3,167.8,24.9,12.2,14.8,5.1,181.5,NA,132,31.8,2.7,1558.7,4.8,31.5,89.4,8.4,811.5,5145.9,56.2,7,18.4,96.7,204.2,4.5,223.4,724.3,724.3
16K-215,0,84,113.2,15.4,46.3,NA,21.6,2,56.3,3.1,18.5,48.3,10.1,30.6,655.2,54.8,63.1,9.3,NA,4.4,19.1,37.1,NA,17516.3,21.6,13.9,NA,218.1,NA,NA,11.3,3.5,2544.2,4.9,16,5.4,6.4,3.5,96.6,1.6,564.5,6.1,3.8,222.4,2,NA,19.2,10.1,NA,2251.1,NA,9.1,18.1,13.8,NA,7.3,173.5,755.7,755.7
16K-217,1,132,10.8,48.9,14.5,6.9,5.9,3.4,76.2,9.4,4.4,64.1,13.6,67.9,1019.6,25.5,43.1,16.9,1773.9,267.5,202.1,21.3,NA,89.6,42.2,16.5,85.2,204.4,4.2,2.5,10.8,60.6,977.1,6.3,9.9,12.9,12,22.6,61.2,72.6,134.5,54.7,108.5,24.5,17.4,NA,19.2,25.7,13.3,4061.8,3.5,11.9,70.9,25,8.6,5.7,87.1,1201.7,1201.7
16K-227,1,84,46.9,41.3,18.1,5.6,2.6,4.3,35.1,5.6,6.4,59.5,49,71.4,1013.1,15,51.4,12.1,1084.1,1196.7,62.7,20.2,6,228.9,81.6,29.8,98,1210.9,1.3,4.6,335,133.6,524.3,30.5,16.5,10.3,16.4,7.3,43.6,98.3,1262.3,39,69.9,723.3,11.8,6.9,19.2,60.1,29,3462.6,5,14.1,37.9,11.8,18.3,5.3,103.9,1443.2,1443.2
16K-231,1,192,305.7,52.2,30.4,2.9,25.4,20.9,181.6,9.1,34.5,67.9,9.9,58.5,1277.7,123.9,207.9,40.6,46,590,201.9,36.9,NA,255.7,54.7,45,54.1,40.8,17.5,1.3,1435.4,180.7,407.8,21,36,6.9,13.8,26.1,263,0.6,7.9,7.5,19.7,2852.7,37.6,2.6,19.2,12.4,100.1,10643.8,4.4,19.6,60.9,27.3,38.4,10.3,245.5,1855.1,1855.1
16K-233,1,120,202.1,21.3,10,3.9,NA,2.9,32.2,5,19.8,282.1,51.5,60.2,554.3,27.9,16.2,10.4,88.1,14.1,32.3,79.9,0.2,478,128.6,28.8,34,156.4,9.5,4.8,4175.3,116.5,184,13.9,12,2.1,6,2.2,99.2,3.1,12.7,6.3,23.1,440.2,13,3.1,19.2,NA,26.4,2734.4,13.6,7.1,42.2,15.7,6.8,4.3,55.3,879.8,879.8
16K-234,1,NA,18.4,10.9,3.6,2.7,NA,0.8,30.8,17,1.3,9.7,NA,22,477.7,11.1,48.7,6.1,51.4,32.6,34.5,6.8,NA,61.2,NA,NA,NA,10.8,7.6,NA,NA,64.1,197.2,NA,NA,1.7,4.4,2.8,10.1,4.1,9.6,16.7,1717.5,737.5,9.7,5.4,19.2,NA,13.1,3908.5,0.6,NA,14.3,NA,2.2,NA,33,621.9,621.9
16K-239,1,180,117.5,51.7,50,5.7,89,11.3,32.9,14.2,21.8,95.6,45.7,189.9,3058,91.6,170.1,12.5,270.8,352.9,94.3,22.7,0.6,234.2,111.4,82.1,263.1,144.2,8.4,5.2,64.5,189.5,1669.9,18.2,32,40,19.8,9.4,146.3,4.9,369.3,51.3,11.8,661.2,28.9,4.4,19.2,18.2,16.4,15091.6,10.9,24,89.5,40,29.6,27.7,1541.1,4381.3,4381.3
16K-242,1,144,65,71.6,20.5,1.1,11.3,4.5,55.6,3.5,19.6,1419,9.1,41.2,1097.2,30.6,14.9,11.5,NA,1567.5,34.2,NA,0.9,16.2,11.8,22.4,118.9,127.1,14.7,2,12.9,245,472.3,NA,26.6,6.2,13.9,33.2,81.1,3.6,156.3,4.7,457.8,675.5,25.5,8.9,19.2,3.4,61.7,5879.9,2.7,NA,22.2,23.8,11.9,16.4,655.1,1313.6,1313.6
16K-250,1,192,678.6,135,33.6,6.8,8.8,12.4,2.7,12.1,7.1,20.3,88.4,54,1842.9,148.4,333.8,26.3,NA,700.2,68.8,20.3,NA,205.3,83.3,169.2,128.9,14.4,18.3,7.2,5732.1,164.7,264.2,17.2,23.6,8.3,10.6,9.3,NA,3.6,75,17,6.4,42.8,68.1,NA,19.2,NA,17.8,6184.7,15.5,15.3,NA,20.3,27.8,NA,225,1015.4,1015.4
16K-252,1,120,113.9,107.6,30.9,9.2,10,16.3,83.2,22.5,40.3,187.5,64.8,143.6,2272.1,NA,60.2,16.6,1187.2,18.1,100.4,92.8,1.9,701.1,277.7,54.7,1209.2,441,87,3.1,35.5,416.1,1769.9,41.3,15.5,6.7,18.9,12.6,183.1,2.2,51.3,50.9,26.7,3314,160.8,10.4,NA,20.3,30.3,11832.4,6.1,36.8,58.7,59.7,24,16.3,243.6,2730.9,2730.9
16K-262,1,156,41.2,12.7,12.8,2,2.9,4.7,85.1,4.3,9.6,45,5.1,19.7,1199.3,31.7,312.5,4.2,926.7,268.1,60.1,8.5,6.4,55.6,54.2,8.3,50.8,26,23.9,1.5,373.7,188.9,357.4,12.2,18.1,7.8,19.2,2.8,151.7,NA,42,23,114,1132,20.6,3,19.2,6.3,65.3,4450.8,1.9,7.7,75.7,10.8,19.5,14,92.9,1169.5,1169.5
16K-263,1,144,35,58.4,12.4,8.6,4.5,8,62,9.8,5.8,27,105.6,64.7,586.1,24.9,140.3,11.4,502.4,938.6,44.4,56.2,8.3,142,270.2,24.8,20.1,9.8,1.2,5.4,100.4,8.2,391,7.6,12.6,10.6,9.4,32.2,51.5,81.2,44,29.3,27.1,658.2,46.5,NA,19.2,6.6,19,2000.8,8.6,6.6,7,23.6,11.4,NA,131.7,803.1,803.1
16K-271,1,168,731,124.5,54.8,14.2,20.2,8.2,114.2,19.3,32.5,348.9,49.8,120.1,3746.5,92.5,57.3,19.5,2076.4,761.9,139.3,36.4,9.1,282,31.2,41.4,187.4,419,130.7,3.6,234.9,510,3659.5,13.5,23.4,5,35.2,8.8,431.8,2.1,44.1,53.7,184.6,3951.2,93.4,6.9,19.2,54.5,92.6,18910.4,10.4,30.8,105.3,20.6,33.6,29.6,429,3497.3,3497.3
16K-276,1,168,59.6,98.2,47.1,12.6,25.7,37.1,18.5,24.3,10.2,238.1,8.3,87.7,2150.4,53.8,114.1,9.8,2507.6,2221.2,78.7,48.6,8.4,305.3,186.2,39.7,127.9,38,6.2,4.3,13.3,32,3801.5,5.3,43.6,2.3,7.7,37,31.2,10.1,3959.6,67.8,201.8,1993,NA,30.6,19.2,9.2,56.6,12108,7.8,33.2,61.5,51.9,17.9,59.5,703.3,2423.4,2423.4
16K-278,1,120,112.7,69.5,73.2,4.8,8.4,16.5,131.1,13.3,63.2,52,33.3,55.9,2778.7,104.2,246.6,55.4,107.6,701.9,140.2,88,2.8,483.2,393.2,75.9,70.7,55.6,27,7.2,17.9,220.7,295.7,62.2,38.6,14.2,19.3,64.7,129.5,9,29.8,30.6,29.3,931.9,34.2,NA,19.2,5.4,54.6,8057.8,15.3,72.2,74,62.3,8.9,11.9,220.9,2241.7,2241.7
16K-283,1,180,434.1,153.5,21.2,2.9,22,31.4,45.1,30.5,149.2,76.1,31.8,268,7385.9,173,636.5,48.8,NA,5028.6,1643.6,159,NA,420.2,46.8,28.4,591.7,142.8,332.3,10,27.7,98.1,269.4,47.7,45.7,86.7,118.4,63.3,388.5,17.6,68.6,63.3,3.8,7297.2,95.2,38.3,19.2,23,244.9,36211.3,18.4,169.2,113.2,49.5,66.8,56,1790.3,9831.1,9831.1
16K-290,1,96,646.8,370.7,67.6,21.5,10.2,35.3,137.1,26.4,54,48.3,131.6,33.5,1469.7,195.6,584.2,80.8,NA,1784.2,83,26.3,5.5,551.3,629.5,34.1,53.9,172.2,73.2,11.9,88.8,309.4,436.1,14.5,16.9,9.5,21.9,49.5,342.6,10.6,40,13.5,133,4702.3,84.4,NA,19.2,8.3,158.5,9276.7,22.2,30.2,81.9,84.8,83,9.4,204.6,1825.7,1825.7
16K-292,1,24,197.9,62.7,15.2,4.3,10.2,5.4,16.7,9.7,37.7,77.5,13.1,52.7,979.6,47.3,500.1,13.9,159,1473,60.1,62.3,0.6,378,916.8,14.7,32.5,130.1,1.1,3.2,10.8,24.7,1086.7,25.3,22.5,5.7,8.4,9.7,56.6,NA,17.8,30.2,15.3,1011.5,12.7,6.1,19.2,8.8,102,3553.2,7.9,26.5,18.1,18.6,52.6,8.3,69.6,1122.3,1122.3
16K-301,1,204,541.8,286.3,66.8,19.9,23.2,6.9,97.2,21.4,34.9,110.7,57,141.6,3945.6,98.4,197,48,NA,111.8,303,53.2,NA,431.3,93.2,52.3,90.2,191.1,63.2,6.9,41.4,660.2,1312.2,39.7,20.3,16,65,41.6,268.1,8.7,21.2,107.1,8.5,746.5,59.9,6.5,19.2,10,183.9,15424.8,21.7,55.8,31.9,29.5,47.9,26.3,498.8,4208,4208
16K-306,1,144,87.5,53.4,21.1,4.3,16.8,4.3,20.4,13.8,30.5,385.9,6.8,83.8,3267.9,53.6,497.9,23.5,NA,238.5,219.6,22.2,2.3,122.5,117.5,59.8,NA,53.5,39.7,6.9,297.5,412.3,990.7,5.8,18.9,15.4,15.5,13.8,73.1,10.3,8.6,82.5,28,NA,37.4,2.4,19.2,12.7,167,6203.6,4.8,65.5,21.3,74.2,52.4,6.7,139,881.8,881.8
16K-307,1,144,225.7,55.7,39.1,7.4,15.8,15.7,34.4,22,37.9,92.4,22.6,295.6,3720.6,92,141.4,36.7,NA,1117.9,120.8,67.3,NA,217.1,48.5,116.4,523,90.3,234.2,7.1,1027,606.1,458.8,25.3,19.8,23.9,43.8,10.3,311.4,11.7,1276.2,35.8,14.7,7406.4,43,10.1,19.2,18,102.1,22603.9,14.7,25.5,42.9,NA,30.5,44.1,1915.6,5856.2,5856.2
16K-308,1,84,217.8,32.8,11.2,NA,1.3,7.4,78.5,3.9,23.7,15.6,65.5,32.1,366.3,8.4,77.9,8.5,NA,659.1,19.4,19.6,NA,70.6,57,8.2,22.7,68.3,1.1,NA,10.2,16.2,61.6,6,10.2,2.8,6.6,7.6,114.8,3.2,44.8,5.8,12.5,9069,23.3,NA,19.2,6.3,46,2748.8,1.9,NA,32.3,4.6,6.5,4.3,43.7,393.5,393.5
16K-311,0,60,119.7,102.9,31.9,8.8,15.9,20.9,37.3,22.5,47.4,231.3,67.1,366.7,3322.9,109.7,65.3,39.9,1070.4,293.2,115.4,71.6,8.6,593.4,70.5,79.4,320.4,147.1,8.3,5.7,23.4,118.3,2516.5,36.4,20.2,12,39.1,37,166.5,6.5,23,53.8,145.8,2246.5,135,152.1,19.2,20,70.7,16993.4,14.6,29.2,105.3,283.4,12.3,29.1,1352.3,5885.1,5885.1
16K-317,0,144,358.8,9.2,14.7,2.6,6.7,3.3,NA,1.8,18.4,13.3,15.6,24.5,1228.7,44.6,3.1,4.4,NA,6,46.2,17.9,0.2,88.3,25.3,24.7,49.5,51.3,12.4,2.6,9.6,266.1,15.4,15.1,31.4,4.1,7.4,0.4,377.8,2.8,79.9,9.5,4.5,2187.2,4.1,NA,19.2,7.1,29,7258,4.3,26.7,30.2,9,13.9,15,228.9,2710.7,2710.7
16K-318,1,168,337.7,8.2,14.5,2.8,7.1,1.3,1.6,1.7,15.6,14.7,15.1,24.1,1183,46,3,4.7,NA,11.9,43.9,19.1,NA,82.8,23.2,26.1,48.4,49.6,30.8,2.6,10.1,231.9,14,14,23.2,4.1,6.7,0.7,362.2,1.4,77.2,8.9,5.4,2255.2,4.7,NA,19.2,3.8,46.8,6329.4,4.1,20.2,34,24.3,17.1,14.4,210.3,2530.9,2530.9
16K-319,1,NA,14.7,3,37.3,2,NA,2,57.8,1.7,NA,NA,287.1,NA,687.3,25.1,49.5,9.3,19.2,365.5,12.6,9,NA,517.9,NA,NA,NA,373.2,8.4,5.5,97.1,18.1,198.9,13.6,NA,2.2,7.2,2.4,425.3,15,80.9,21.4,5216.9,18.7,11.4,NA,19.2,20.4,13.5,1116.2,10.6,51.4,3,NA,26.3,NA,42.2,895,895
16K-321,1,144,223.8,189.7,45.3,11.7,8.9,20,238.1,29.3,127.2,161,29.9,161,3923,75.9,39.5,38.1,51.4,1241.5,145.8,92.5,NA,265.3,89.8,99.8,142.8,125.1,84.1,7.1,2481.1,456.8,1110.6,8.4,32.6,37.6,26.3,28.7,1105.7,4.8,15.2,34.6,24.3,1139.6,66.5,5.5,19.2,19.2,90.5,39596.3,15.9,27.2,57.4,58.1,4.6,21.9,2001.5,2831.9,2831.9
16K-336,1,168,1358.8,319.8,171.3,13.7,57.8,37.1,47.1,64.4,103.7,708,38.9,292.2,7940.7,387,484.9,42.3,2219.5,86.9,383.5,239.7,NA,781.2,511.6,120.2,624.2,232.4,83.4,7.5,27,259.2,9249.6,76.4,44.3,12.3,93.1,56.9,814.6,24.7,37.9,243.6,78.6,6579.9,228.3,41.1,19.2,38.1,293.7,26493.4,15.6,160.2,562.1,120.5,87,79.5,686,13655,13655
16K-340,1,204,45.1,26.3,18.9,2.1,11.4,2.1,38.2,6.1,13.2,100.7,21.5,100.2,1580.6,49.2,53,22.7,NA,31.5,65.1,20.4,1.1,157.9,16.8,14.3,98.3,12.3,6.6,2.2,476.5,75.7,1163.1,3.4,19.7,5.6,17.3,4.5,131.9,3.4,5.7,22.8,14.8,1815.1,36.7,3,19.2,7.2,55,7485.3,5.1,14.1,22.9,6.6,10.5,10.4,126.1,794.8,794.8
16K-348,1,180,283.3,60.4,22.1,7.1,2.8,6.1,18.4,12,8.8,29.6,46.1,21.7,617.6,76,954.9,7.7,100.8,1217,41.8,25.1,NA,178,149,22.3,41.6,10.1,12.9,2.4,65.4,138.8,342.8,NA,10.5,3.2,4.9,10.7,42.6,NA,18.1,23.4,4.7,483.1,41.1,NA,19.2,6.6,15,2758.8,3.8,11.4,38.3,21.5,47.9,5.6,91.7,1089.6,1089.6
16K-351,0,96,415.6,134.3,60.6,20.8,35,26.3,117.2,NA,89.6,250.6,17.3,192.5,3251.7,65.2,22.7,25.6,49.3,72.3,146.2,41.6,NA,181.9,69.5,52.2,213.4,105.5,121,9.9,44.7,653.1,2877.2,20.1,36.9,35.9,96,9.7,599.7,20.1,31036.4,29.2,6.1,2308,85.7,38.3,19.2,27,120.6,19246.9,30.2,25.8,44.5,143,29.1,34.9,916,4616.8,4616.8
16K-353,1,NA,32.1,296.5,46.5,34,25.8,22.4,171.2,39.1,243.2,234.5,50.8,335.8,3547.5,50.3,426.4,230.9,621.5,1890.6,206.5,90.5,13.8,1289.5,585.2,247.4,254.2,148.9,20.7,13.5,24.5,198.9,2516.7,50,24,20.7,51.4,22.3,550.3,5.4,7.9,86.8,193.7,1608.7,167.9,22.5,19.2,121.5,137.7,19841,22.5,104.1,148.2,79.8,33.8,36.6,700.8,2345.4,2345.4
16K-354,1,192,18.5,110.7,53.4,6.8,28.2,7.8,88.7,9.7,47.7,105.2,17.5,190,2198.9,24.7,308.7,23.2,NA,26.6,102.8,23.8,7.1,189.4,30.5,27.5,18.8,100,10.9,4.8,14.4,221,3346.4,NA,22.3,8.5,31.8,5.9,73.5,NA,8.6,126.3,8.4,1049.1,32.9,7.3,19.2,14.5,86.4,13328.7,21,26.2,29.3,40.5,24.5,12,369.3,2268.7,2268.7
16K-360,1,180,1046.4,129.3,27.9,20.5,15.9,4.3,105.5,22.5,66,88.8,137.9,58.3,2749.4,56.7,3196.6,18.4,1264.1,3487.2,168,23.8,7.7,263.5,54,34.8,135.6,216.2,88.8,3.7,128.5,312.7,792.9,35.4,56.8,14.3,24.4,14.6,271.3,NA,29.7,78.9,66.3,2021.9,336.4,5.5,19.2,17.6,349.7,10548.3,8.6,27.1,76.6,60,282.6,20.9,279.3,3306.6,3306.6
16K-365,1,132,45.4,108.5,63,11.1,18,6.2,58.6,13.5,62.9,38.8,21.5,63.8,2678.7,15.7,78.8,18.3,NA,14,167.3,12.7,2.9,154.1,34.6,23.2,NA,35.3,3.4,2.7,23.7,115.2,563.8,5.2,24.7,8.3,43,27.6,575.1,4,47.4,56.5,4.3,103.2,16,12.3,19.2,9.5,63,15261.1,9.4,21.8,52.7,25.5,13.3,23.5,382.9,2282.9,2282.9
16K-374,1,96,109.8,128.9,59.9,19.3,16.1,13.2,181.3,33.3,28.5,151.1,56.1,141.6,3549.9,126.6,96.7,36,2316.5,714.3,2757.1,18.5,38.8,154.4,68.8,57.8,259.2,42.6,42.5,5.2,177.5,369.6,2309.6,17.8,13.4,12.6,28.6,10.7,215.8,2.4,10.5,155.8,264.8,3420.1,85.7,12.1,19.2,23.6,72.4,25012.6,9.9,37.2,167.3,83.7,47.1,33.3,747.9,5836.6,5836.6
16K-381,1,168,101.3,27.9,18.5,12,6.1,4.8,51.1,11.9,41.9,192.1,20.4,38.4,1796.2,114.1,41.9,14.1,418.2,677.2,63.2,27.8,2.2,48.4,6,17.8,134.2,36.2,13.1,0.6,13.7,143.2,607.3,5.9,18.4,5.1,14.3,4.2,710.8,3.8,19.9,21.9,42.4,102.8,26,41.8,19.2,7.5,32.1,11064.4,2.4,8.4,57.8,15.9,9.9,16.2,257,1412.4,1412.4
16K-400,1,NA,143.1,78.9,43.3,10.8,25.4,2.5,42.9,17.5,46.4,115.6,16.6,261.6,4131.3,50.8,21.7,28.9,NA,17.7,205.7,195.9,8.5,198.8,70.7,50.6,220,127.8,41.2,4.9,20.2,588.5,2050.7,13,19.8,12.4,46.2,55.8,855.1,12.5,37.1,93.7,8.2,3733.3,141,37.4,19.2,19.4,25,19003.2,12.8,66.5,40.1,67.6,14.7,29.7,983.7,4843.8,4843.8
16K-402,1,168,15.9,289.6,25.5,11.8,4.7,125,NA,17.9,5.5,28.3,146.2,13.3,1230.7,30.7,448,15.2,NA,2264.9,54.7,12.9,NA,138.2,42.8,17.5,14.6,14.4,7.9,11.4,1632.2,106.8,170.4,12.9,24.6,4.4,6.2,11.2,39,4.5,44.9,6.8,18.9,171,43.9,NA,19.2,NA,17.5,7042.5,17.4,6.2,24,9.2,66.9,7.7,82.1,1250.5,1250.5
16K-405,1,132,60.1,85.5,16.3,4.5,0.8,10.5,64.8,11.6,44.3,63.3,28.9,54.1,1267.6,75.8,93.6,26.5,638.9,706.4,70.7,97.1,1.3,128.1,710.6,14.6,47.1,20.5,13.6,3.5,14.1,206.4,410.6,9.2,12.2,18.6,8.1,6.8,335.6,41.8,38.4,34.7,22.8,403.8,18.7,NA,19.2,14.5,38.6,18980.3,5.9,11.8,73.7,100,11.6,9.8,251.9,1458.1,1458.1
16K-414,1,168,26.8,81.5,67.9,5.8,1.5,23.6,53.3,17.7,19.7,41.5,15.4,17.8,1743.2,55.1,1377.1,41.4,109.5,1223.8,141,28.8,NA,569.6,265,39.3,45,32.1,16.1,4,11.9,421.2,174.8,23.4,21.7,12.9,14.2,13.4,104.7,7.5,8.8,13.6,30.5,2753.5,29.9,9.6,19.2,8.8,43.9,7970.3,5.5,39.3,82.3,54.1,58.5,11.6,183.1,1678.7,1678.7
16K-435,1,156,28.9,63,4.2,5.1,8.2,2.4,NA,4.5,8.3,14.1,12.3,36.6,986.6,NA,67.9,6.7,NA,233.4,37.4,NA,NA,144.7,NA,NA,NA,12.3,21.7,2.7,6.9,174.9,730.4,3.1,NA,12.6,9.9,1.3,97.2,8.8,11.7,62.4,2283.9,3036.4,32.7,NA,19.2,3,77.3,12276.4,4.8,3,89.5,NA,3.9,3.1,482,979.6,979.6
16K-436,1,132,409.7,19.2,35.5,1.6,9.8,1.4,84.4,3.3,13.6,653.6,25.2,19.9,1230.3,19.4,104.5,11.4,NA,268.3,107,7.7,1.6,55.3,22.9,16,8.1,175.1,0.4,1.5,62.6,183.2,268.9,NA,16,1.8,26.3,30.3,185.7,2.3,13.5,18.3,43.8,1490.1,28,4.2,19.2,NA,27.7,4901.6,0.9,9.2,7.4,19.3,13.3,38.5,56.8,850.5,850.5
16K-439,1,168,43.3,105.5,6.9,5.2,13.4,4.4,0.3,7.5,16.7,34,13,44.3,1350.7,12.9,111.9,6.7,NA,465,52.3,11.1,NA,317.8,NA,NA,NA,15.7,22.9,2.5,10.6,245.5,1178,3.5,37.3,5.5,13.9,13.4,163.9,8.2,21.3,71.9,684.2,2989.7,NA,NA,19.2,3.9,29.8,15707.7,3.8,4.4,3.6,NA,14.1,5.5,891.6,1551.3,1551.3
16K-440,1,168,160.3,278.4,44.4,20.2,97.2,13.4,387.1,30.5,22.7,280.5,21.4,160.1,3533.9,78.5,92.8,33.8,177.1,1620.4,453.1,26,1.9,311.6,107.9,138.5,302.2,46,71.7,13.5,22.3,326.5,1220,20.2,37.5,28,44.5,6,284.3,10.6,4.9,48.5,65.8,2039.1,50.6,6.7,19.2,30.3,127.5,24252.1,19.7,63.8,156.5,21.9,32.2,31,279.2,4301.9,4301.9
16K-442,1,156,177.7,127.8,95.1,17.2,29.7,14,415,18,29.7,272,16.2,142.1,5438.9,69,855.7,25.5,1625.9,433.5,183.1,46.5,14.7,160.8,66.4,32.8,122.4,210.2,105.7,4.1,23,460.3,4835.6,4.4,22.2,5.8,54.4,16,280.2,NA,12.6,138,219.1,4455.9,56.3,7.2,19.2,23.1,79.3,31998.8,7.4,32.7,210.9,49.9,22.5,34.6,421.5,6547.6,6547.6
16K-452,0,96,142.8,157,48.4,16.8,31.3,25.2,187.3,24.6,130.1,355.5,24.9,220,2863.3,90.3,118.6,19.6,496.9,3089.5,78.1,28.5,6.9,196,40.8,111.5,370.9,29.2,3.6,4.7,63.4,102.7,4534.3,NA,37.1,16.5,33.2,38.5,504.9,7.9,312.6,71.6,86.6,1562.9,29.9,NA,19.2,18.5,96.2,13325,9.6,34,105.5,57.9,6.3,21.9,3144.1,5298.6,5298.6
16K-456,0,NA,419.1,16.7,35.1,1.5,9.3,1.2,33.4,2.5,12,638.5,21.8,31.3,1295.8,22.7,116.8,12.4,NA,268.6,108.1,10.5,1.2,53,13.4,21.9,4.9,167.8,8.2,1.4,75,163,262.1,4.3,20.2,7.8,30.7,31,172.3,2.4,13.8,29.7,45.2,1451.3,27.3,3.5,19.2,5.9,38.8,4771.7,1.8,13.8,9.2,26,14.1,33.6,50.6,1401.5,1401.5
16K-458,1,168,265.9,78.2,41.4,9.9,9,11.8,160,18.7,71.6,70.8,26.5,153.9,2698.2,47.2,138.3,13.5,33.4,4216.2,135.6,23.4,NA,153.4,15.6,50.2,249.8,30.7,250.4,4.9,70.5,784.1,1201.3,NA,19.6,10.4,33.7,15.2,209.8,4.8,6,79.6,3.5,4106.6,63.2,NA,19.2,16.3,116.5,18417.5,8,15.7,66.9,89.5,4.9,18.9,3188.6,4271.4,4271.4
16K-471,1,192,241.1,39.8,42.1,10.7,7.9,3.3,166.5,6.8,14.6,102.1,13.3,83.7,2969.8,40.1,160,21.2,NA,138.1,339.5,22.7,0.6,102.2,50.4,23.1,58.2,174.3,126.8,2.8,221.6,432.5,895.8,NA,30.2,13.3,47.9,5.8,327.2,2,12.7,27,20.3,2659,43.1,71.6,19.2,100.7,92.4,18024.5,7.8,32.1,54.5,NA,19.5,18.6,316,2879.7,2879.7
16K-476,0,180,57.5,68.9,30.2,4.3,11,2,17.1,7,7.7,76.5,5.2,56.8,1486.9,14.9,87,15.8,756.6,1744.7,117.6,17,1.2,69.3,89.9,22.5,22.7,26.1,12.2,2.7,8.5,249.5,1326.4,2.5,21.7,1.9,30.8,11.1,78.8,0.9,4.9,41.1,100.8,292.7,33.1,9.7,19.2,6.7,41.3,10384.1,5.2,2.8,63.7,29.2,13,18.1,582.1,1539.6,1539.6
16K-493,1,168,253.6,91,53.3,8.6,20.4,4.3,36.9,12.7,55,126.5,16.4,101.6,3854.3,208.4,256.5,15.6,2349.7,50.5,256.5,15.7,23.2,181.6,51.6,27.1,85.4,137.2,93.5,3.5,19,630.5,2362.9,18.9,18.7,12.8,74.1,10.9,699.2,7.9,7.1,151,251.9,7847.6,42.1,8.7,19.2,25.4,136.4,15851.6,7.8,37,163.1,NA,41.6,44.5,331.1,4189.6,4189.6
16K-496,1,180,NA,316.1,40.5,10,7.4,31.3,24.6,29.9,27.9,40.7,179.9,36.3,1289.1,138.8,164,18.1,63.4,56.7,63.8,58.3,0.2,517.2,351.2,62,38.4,10.8,15.4,12,19.7,223.7,191.5,20.1,31.2,9.9,17.3,14.4,37.2,7.9,45.4,15.9,13.9,2312.8,51.1,6,19.2,11.7,35.9,3823.1,14.8,21.7,71.5,64.1,60.8,17.2,247.3,2604.2,2604.2
16K-505,1,192,64.5,117.3,31.9,5.6,16.7,7.5,10.6,14.8,23.5,51.5,27.5,90.9,4587.5,54.1,23.5,203.9,396.4,53.7,185.9,61.2,1.5,323.3,155.4,61.9,40.7,27.7,28.9,14.1,26.4,158.9,881.3,13.9,22.7,26.6,27.1,9.5,46.1,2.5,16.7,173.5,11.7,1293.7,73.8,NA,19.2,25.5,44.3,9393.2,19.3,51.5,101,173.6,35.8,25.5,258.3,2447.8,2447.8
16K-522,0,NA,69.9,6.4,16.1,NA,6.8,2.8,49.1,1.6,4.3,15.7,8.4,25.8,770.7,54.3,90.3,5.7,1856.5,20.5,49.8,10.6,NA,122.2,23.4,58.1,NA,13.6,2.2,0.8,7.1,74.7,149.7,NA,16,2.2,16.3,7.7,170.9,NA,2.8,13.6,62.9,55.7,19.7,NA,19.2,NA,48.9,4153.6,2.8,53.7,49.8,24,16.2,6.1,148.7,631.3,631.3
16K-577,1,120,21.1,358.7,45.7,21.9,11,50.7,NA,43.8,21.8,124.4,1348.9,82.7,1813.1,74.1,18.7,117.3,300.4,116.4,97.4,31.8,3.2,204102.3,207.2,150.5,87.8,50.9,20.4,26.6,41.2,143.9,1249.9,895,22.4,17.3,18.9,21.6,132.8,NA,1130.5,22.9,68.1,37.7,119.6,5.4,19.2,26.9,NA,11300.8,45,79.2,37.9,327.6,NA,27.5,347.7,1135.6,1135.6
16K-581,1,228,8.1,NA,0.4,NA,NA,NA,6.3,1.2,NA,4.2,1.4,9.5,44.3,14.8,52.7,1.8,82.4,11.9,8.8,9.9,NA,17.3,13.1,9.3,16.7,NA,NA,0.6,2.7,NA,13.7,NA,17.2,4.4,2.2,5.4,34.9,NA,32.2,6.2,1.2,395.7,9,2.4,19.2,3.9,NA,1857.7,1.1,NA,18.2,6.5,8,NA,74.8,986.6,986.6
16K-601,1,192,322,54.5,39.2,6.4,22.3,4.8,455.5,26.9,25.5,81.5,13.6,147.4,3621.9,139.4,77.3,55.5,762.8,4188.3,1169,143.8,NA,324.2,97,162,548,123.5,137,7.4,20.1,605,68.3,21.7,28.5,23.3,108.8,6.1,197.1,35.8,106.2,36.5,49.8,4513.9,52.5,313.9,19.2,30.3,118.2,20630.1,17.9,111.4,204.1,93.4,47.9,66,924.3,5895.4,5895.4
16K-606,1,168,134.5,39.9,18.1,4.9,9.1,4.6,12.5,11.6,9.1,46.5,285.3,100.1,1467.7,28.7,144.6,7.2,46.1,1667.7,77.1,11.6,0.8,91.3,17.5,25.4,237.3,218.7,116.2,1.7,105.4,457.4,1522.7,9.1,28.7,6.1,12.5,32.4,72.6,6.2,69.3,87.5,4.9,2588.4,169.3,NA,19.2,8.3,47.5,10124.3,3.5,4.3,10,13.1,11.7,5.6,481.3,1287.7,1287.7
16K-615,1,72,177.9,105.2,6.5,29,11.2,4.9,251.9,NA,82.2,514.8,NA,305.5,5324,167.5,848.8,NA,235.5,1690.8,194.8,102.6,NA,501.1,433.3,111.1,60.8,861.3,3.8,3.1,63.7,100.8,5696.7,104.4,NA,13.4,NA,139.4,410.2,1.6,21.3,114.1,5,5249.4,147,6.9,19.2,74.6,109.6,20954.9,3.8,210.1,219,46.3,51.3,40.3,494.5,7595,7595
16K-630,1,168,2.4,18.8,8.8,6.2,8.3,2.2,57,6.2,19.3,28.8,7.5,95.8,1447.7,30.8,29.3,13.1,NA,216.5,61.3,22.4,2,100.1,46.3,44.6,64.3,82.7,5.1,1.5,9.1,114.9,931.8,2.2,28.2,13,10.6,11.4,117.1,44.7,826.8,67.4,3,617.8,12.4,NA,19.2,11.5,23.1,10498.8,3.9,8.2,24.2,114.6,8.1,6.9,142,1186.1,1186.1
16K-634,1,120,675.7,186.2,84.2,20.5,26.5,43.8,32.9,33.5,74.1,133.5,156.3,258.8,2739.1,387,1098.4,63.5,4456.5,4857.4,188.7,166.9,12.9,1799.2,625.6,178.4,365.1,273.8,44.4,22.3,48.6,482,1607.4,156.8,32.6,42.8,53.5,16.1,250.6,15.8,260.6,91.1,151.8,981,379,NA,19.2,60.6,95.1,10873.1,31.6,54.4,207.1,204.1,164.1,31.5,586.7,3853.9,3853.9
16K-638,1,107,13.2,31.6,4.7,0.5,4.6,3.7,NA,3.5,22.3,3.9,10.7,5.9,328,3.4,81.9,11.5,NA,295.4,15.5,26.1,0.8,46.5,18.8,6,NA,7.6,1.1,0.5,1.9,10.4,54.9,NA,13.9,2.6,3,2.5,39.9,1,106.5,5.6,57.6,34,2.6,4.9,19.2,NA,22.3,2969.7,2.4,NA,89.5,34.4,3.3,6.4,96.8,570.3,570.3
16K-642,1,144,502.2,90.7,56.4,9.3,6.8,11.2,93.2,18.7,17.9,60.9,28.5,61.1,3384,70.3,35.2,19.8,8559.6,1710.9,135.2,29.8,49.5,261.3,111.6,35.5,172.8,163.7,6.4,6.3,12342.6,102.8,598.2,13.6,38.4,11.8,20.3,4.7,262.8,2.2,27.8,61.3,517.1,1477.1,92.1,13.2,19.2,NA,56,19130.9,9.9,42,250.8,17.4,28.8,22.7,166.9,3575.2,3575.2
16K-644,1,144,349.2,108.7,39.2,11.1,37.5,5,481.3,15.7,39.4,124.2,14.4,166.5,5071.6,168.5,98.9,54.8,NA,4223.2,1192.7,199.3,NA,327.5,101.2,288,559.4,99.8,81.9,9.4,70.8,665.5,69.3,14.6,29.2,25.8,125.8,25.7,210.8,43.5,106.4,35.8,59.5,4472.8,51.6,332.2,19.2,21.1,102.9,20633,16.9,120.2,209.4,54.1,55.1,69.7,948.1,7304.2,7304.2
16K-651,1,168,194.8,117.1,54.5,19.4,21.5,60.6,204.5,31.9,77.2,216.2,26.3,176.1,4531.5,88.5,279.5,38.9,199.7,169.2,188.2,67.8,0.3,169.6,NA,NA,NA,306,47.3,5.5,21.5,547.2,1922.2,NA,21.9,14.2,75.7,37.2,261.1,9.6,33.2,58.3,2278.8,2288.4,57.4,160.9,19.2,19.7,143.6,36188.5,17.9,19.5,90.2,NA,30.4,39,1367,7507.5,7507.5
16K-667,1,144,198.5,121,55.9,16.3,21.3,62.8,208.5,32.4,80.6,286.5,35.3,171.2,4852.5,88.5,283.4,37.7,169.5,218.5,194.8,78,NA,167.5,NA,NA,NA,309.2,37.1,6.2,25.3,526.2,1985.4,NA,24.2,15.2,84.7,39,269.3,NA,36.2,21.4,2366.8,2194.5,56.2,165.4,19.2,23.8,186.3,39989.3,18,17.5,53.7,NA,34.8,40.1,1277.9,7552.5,7552.5
16K-678,1,144,362.1,109.3,65.8,6,35.1,16.5,258.4,NA,117.1,424.3,14.9,434.6,4631.1,171,218.3,62.2,395.1,874.4,161.9,89.9,3.2,502.8,318.3,156.6,544.2,302.5,73.3,8.2,11203.4,701.6,5769.9,29.7,40.5,24.6,33.8,42.9,587.3,21.2,24171.9,65.1,39.5,4255.1,52.2,90.5,19.2,19.3,117.4,21875.3,34.9,44.5,108.5,104,8.7,33.7,1257.6,4868.3,4868.3
16K-685,1,108,93.8,290.2,60.3,50.3,7.9,69.7,115,42.1,666.9,119.4,40.8,223.7,3255.9,243.7,1514,116,157.7,3859.9,150.3,160.3,3.2,630.4,351.8,95.6,151.9,362.7,32,7.2,25.2,301.7,1374.9,26.6,44.4,25.6,40.6,50.4,803.4,18.6,269.3,81.7,41.5,2296.1,136.7,17.3,19.2,26.7,441.1,19342.9,31.8,61,85.2,15.8,114.5,39,855.5,5188.8,5188.8
16K-686,1,192,405.6,125.7,7.5,10.8,28,11.7,100.8,13.5,29.4,167.6,65.3,152,2199.4,235.6,543.7,93.6,490.4,878.2,113.3,74.6,1.9,3519.2,165.7,281.7,68.2,398.4,116.5,2.7,177.5,364,1232.9,37.8,33.8,13.4,38.7,4.3,217,NA,394.7,15.8,58.9,2529.9,100.5,6.7,19.2,25,124.9,12419.2,8.5,60.2,51,62.3,47.9,30.4,408.1,1748.1,1748.1
16K-688,1,156,400.6,119.7,7.7,10.2,27.5,10.8,96.7,10.8,28.4,153.8,66.7,145.3,2133.4,209.3,506.7,85.3,456.9,825.2,108,69.7,2.1,3307.3,161.5,260.7,60.9,385.1,47.3,3.6,158.1,383,1148.8,37.1,52.3,12.6,37.7,40,199,4,358,15.3,54.4,2440.1,101.1,6.2,19.2,26,111,12518.4,8.2,52.6,53.3,127.7,38.2,28.9,369.4,1677.3,1677.3
16K-695,1,120,41.6,83.5,3.8,2.4,12.1,1,NA,3,6.2,15.9,206.8,189.5,442.3,96.3,11.3,4.4,994.2,62,19.1,22.2,0.9,1885.5,276,84.8,25.5,7.9,3.3,19.7,155.9,19.3,1229.5,15.8,18.9,1.1,NA,2.6,88.4,14,670.8,67.2,14.6,33.1,9.8,NA,19.2,12.5,NA,1518.5,57.8,4.1,13.3,17.2,5.6,4.4,148.2,336.9,336.9
16K-711,0,144,77.5,74,44.3,14.8,6.1,6.9,90.9,16.4,11.9,67.7,22.6,73.7,1939.7,50.6,67,8.1,1115,39.3,96.5,14.5,6.8,107.4,44,13.4,120,346.6,17.1,2.9,43.8,209.7,447.7,8.2,23.8,14.7,29.4,6.2,121.9,61.9,487.7,47.8,83.7,675.7,27.5,11.2,19.2,10.8,38.4,10968.2,5.8,20.8,89.5,11.8,26.3,24.1,322.2,2859.1,2859.1
16K-719,0,120,112.9,59,42.8,5.9,28.5,18.7,NA,11.9,20.8,102.7,6.3,71.9,2141.6,110.9,296,15.5,1553.8,825.8,89.5,141.2,6.1,134.2,51.1,23.8,208.1,16.1,23.1,3.6,11.6,202.9,697.6,29.4,22.8,5.6,22.4,14.4,26.1,5.8,924,29.9,107.1,5452.3,27.3,8,19.2,12.4,30.2,9393.2,5.9,25.6,77.3,42.7,19.1,25.4,1217.5,4650.4,4650.4
16K-724,1,144,400.6,69,45.4,6.1,16.7,17.8,51.7,9.8,54.2,203.8,19.2,168.5,2872.6,59.4,109.5,40,640.6,50.8,238.8,85.6,18.6,547.5,215.2,57.9,137.5,51.9,20.7,3.7,82,166.3,1551.6,12.3,45.7,18.2,40.1,86.4,151.9,4.8,21.5,11.1,124.7,2857.4,78.7,62.9,3.9,21.5,129.7,21019.8,10.9,23.2,81,103.5,24.3,27.5,272,1819.5,1819.5
16K-725,1,168,251.2,238.3,67.1,15.5,18.7,21.8,98.9,32.6,55.9,469.6,32.8,169.2,4404,114.9,345.8,60,575.7,485.3,178.2,95.6,1.2,332.5,7.5,115.3,214.4,33.4,126.1,10.4,21.6,586.6,2242,21.5,36.2,23.7,59.1,13.3,506.7,14.1,4.6,26.9,108.7,10500.8,170.5,5.4,19.2,20.4,90.7,21363.2,18.6,65.8,118.5,35.4,47.9,40,459.5,5060.5,5060.5
16K-730,1,108,39.4,52.5,23.6,6.4,6.2,5.3,21.7,8.3,10.5,31.3,11.6,25,852,32,32.5,4.8,747.1,81.3,58.5,14.8,1.8,107.4,18.8,15.5,73.6,8.7,4.2,1.2,8.9,64.5,297,5,14.7,4.6,7.5,14.7,62.6,1,5.1,24.7,54.9,539.8,33.3,6,19.2,11.4,21.5,5592.6,2.4,10.2,73,31.2,11.1,8.1,163.7,1407.5,1407.5
16K-737,0,132,194.1,116.9,53.7,9.4,21.2,61.4,208,26.4,78.3,303.4,60.7,162.5,4161.4,75.1,281.7,37.7,190.8,391.8,190.6,86.6,NA,173.2,NA,NA,NA,274,30.8,6.2,26.3,515.9,1892.7,NA,23.9,14.9,105,36.5,263.4,9.8,35.3,9.7,2278.1,2226.7,56.2,158.5,19.2,21.8,135,22521.2,18.1,26,73.4,NA,31.6,40.3,1241.1,7743.1,7743.1
16K-743,1,156,69.8,27.9,41.8,2.8,9.4,3.2,NA,6.9,10.2,69,12,71.2,1716.9,28.1,175.5,18.2,55.6,903.9,102.9,54.1,5.2,117.2,23,29.4,77,49.2,16.7,4.2,2239.4,161.9,503.7,NA,18.7,5.6,30.8,5.4,46,3.1,3.1,14.9,11.5,2357.4,18.4,17.1,19.2,9.6,46.9,8491.2,7.5,29.5,45.7,48.3,11.8,18.1,442.5,734.1,734.1
16K-755,0,132,615.4,203.3,74.6,32.6,44.5,34.6,66,21.3,100.4,389.2,35.8,415.5,6870.7,210.8,813.7,74.2,NA,583.4,259.5,52,6.7,680.7,271.8,128.1,517.7,207.7,37.3,7.5,62.4,405.9,7430.6,13.9,51.2,40.5,64.4,110.5,917.3,4.6,88.7,460,53.2,958.9,175.2,103.7,19.2,29.6,230.8,44578.5,39.6,61.9,204.4,214.7,27.2,78.5,956.8,8642.1,8642.1
16K-756,1,168,198,124.5,56.8,11.4,21.9,65.9,217.9,23.7,82.2,354.4,44.5,175.1,5167.5,81.8,299.5,17.3,214,467,199.7,95,NA,187.9,215.2,56.8,NA,287.6,32.3,6.2,36.1,520.7,2016,22.1,NA,17.5,113.7,14.8,281.9,9.7,36.7,10.8,2429.3,2373.1,60.7,173.7,19.2,17.9,152.1,26513.5,19.1,24.1,48.7,NA,14.5,44.1,1459.8,8145.1,8145.1
16K-771,1,156,205.8,123.2,56.7,6.9,22,64.6,216.7,23.8,83.5,347.2,45.5,174,4819.8,77.3,301.5,40.6,180.8,509.9,199.5,99,NA,185.4,NA,NA,NA,291.2,48,6.1,37.3,538.5,2033.6,NA,NA,18.1,117,15,278.5,12.2,37.3,9.4,2453.2,2427.2,59.8,173.2,19.2,20.7,149.1,28208.5,19.5,24.6,35.5,NA,37.7,43,1410.9,7755.1,7755.1
16K-785,1,144,181.2,20.5,19,2.5,6.4,7.5,8.2,3.9,41.8,35.5,69.1,64.1,849.7,49.7,250.4,15,46.2,497.4,40.5,155.3,NA,243,98.6,44.9,16.9,31.3,17.3,6.5,110,227.2,568.7,30.1,54,5.5,16.1,3.2,72.7,3.8,73.2,13.5,9.8,416,41.6,NA,19.2,5.9,68.1,4179.7,15.5,14.9,18.7,16.7,18.5,12.2,209.5,1480.2,NA
